<annotation>
	<folder>train</folder>
	<filename>im279.jpg</filename>
	<path>/home/younes/detect/data/images/train/im279.jpg</path>
	<source>
		<database>Unknown</database>
	</source>
	<size>
		<width>786</width>
		<height>523</height>
		<depth>3</depth>
	</size>
	<segmented>0</segmented>
	<object>
		<name>t72</name>
		<pose>Unspecified</pose>
		<truncated>1</truncated>
		<difficult>0</difficult>
		<bndbox>
			<xmin>1</xmin>
			<ymin>168</ymin>
			<xmax>676</xmax>
			<ymax>418</ymax>
		</bndbox>
	</object>
</annotation>
