<annotation>
	<folder>train</folder>
	<filename>im271.jpg</filename>
	<path>/home/younes/detect/data/images/train/im271.jpg</path>
	<source>
		<database>Unknown</database>
	</source>
	<size>
		<width>800</width>
		<height>508</height>
		<depth>3</depth>
	</size>
	<segmented>0</segmented>
	<object>
		<name>t72</name>
		<pose>Unspecified</pose>
		<truncated>0</truncated>
		<difficult>0</difficult>
		<bndbox>
			<xmin>43</xmin>
			<ymin>82</ymin>
			<xmax>745</xmax>
			<ymax>488</ymax>
		</bndbox>
	</object>
</annotation>
