<annotation>
	<folder>train</folder>
	<filename>im287.jpg</filename>
	<path>/home/younes/detect/data/images/train/im287.jpg</path>
	<source>
		<database>Unknown</database>
	</source>
	<size>
		<width>786</width>
		<height>523</height>
		<depth>3</depth>
	</size>
	<segmented>0</segmented>
	<object>
		<name>t72</name>
		<pose>Unspecified</pose>
		<truncated>0</truncated>
		<difficult>0</difficult>
		<bndbox>
			<xmin>254</xmin>
			<ymin>181</ymin>
			<xmax>646</xmax>
			<ymax>394</ymax>
		</bndbox>
	</object>
</annotation>
