<annotation>
	<folder>train</folder>
	<filename>im301.jpg</filename>
	<path>/home/younes/detect/data/images/train/im301.jpg</path>
	<source>
		<database>Unknown</database>
	</source>
	<size>
		<width>800</width>
		<height>519</height>
		<depth>3</depth>
	</size>
	<segmented>0</segmented>
	<object>
		<name>t72</name>
		<pose>Unspecified</pose>
		<truncated>0</truncated>
		<difficult>0</difficult>
		<bndbox>
			<xmin>95</xmin>
			<ymin>102</ymin>
			<xmax>710</xmax>
			<ymax>347</ymax>
		</bndbox>
	</object>
</annotation>
