<annotation>
	<folder>train</folder>
	<filename>im333.jpg</filename>
	<path>/home/younes/detect/data/images/train/im333.jpg</path>
	<source>
		<database>Unknown</database>
	</source>
	<size>
		<width>782</width>
		<height>523</height>
		<depth>3</depth>
	</size>
	<segmented>0</segmented>
	<object>
		<name>t72</name>
		<pose>Unspecified</pose>
		<truncated>0</truncated>
		<difficult>0</difficult>
		<bndbox>
			<xmin>27</xmin>
			<ymin>214</ymin>
			<xmax>670</xmax>
			<ymax>386</ymax>
		</bndbox>
	</object>
</annotation>
